item_id,item_name,item_category,item_description,item_price,item_image
8863367,Weber Spirit II E-210 2 burners Liquid Propane Grill Black,grills-and-smokers," Open your door to the world of grilling with the sleek Spirit II E-210 gas grill. This two burner grill is built to fit small spaces, and packed with features such as the powerful GS4 grilling system, iGrill capability, and convenient side tables for placing serving trays. ; GS4 Infinity Ignition; GS4 Stainless Steel Burners; GS4 Porcelain-Enameled Flavorizer Bars; GS4 Grease Management System; iGrill 3 compatible (sold separately); Fold down left stainless steel side table; 6 Tool Hooks; Fuel gauge (LP models only)",379,https://cdn-tp3.mozu.com/24645-37138/cms/37138/files/ba190941-9725-4f92-9d27-055e1a70175a?quality=60&_mzcb=_1605141010317
8863581,Weber Spirit II E-310 3 burners Liquid Propane Grill Black,grills-and-smokers," Step up your grilling game with the Spirit II E-310 gas grill. This three burner grill has a spacious grilling area and convenient side tables for placing serving trays, and tool hooks for hanging your tongs and spatula. With the powerful GS4 grilling system and iGrill capability, you're already set up for BBQ success ; GS4 infinity ignition; GS4 stainless steel burners; GS4 porcelain-enameled flavorizer bars; GS4 grease management system; iGrill 3 compatible (sold separately); Fold down left stainless steel side table; 6 tool hooks",479,https://cdn-tp3.mozu.com/24645-37138/cms/37138/files/9df2bd14-bcc4-480f-b072-50e86351f044?quality=60&_mzcb=_1605141010317
8863482,Weber Spirit II E-310 3 burners Natural Gas Grill Black,grills-and-smokers," This grill requires a natural gas line. This grill DOES NOT use a propane tank.Step up your grilling game with the Spirit II E-310 gas grill. This three burner grill has a spacious grilling area and convenient side tables for placing serving trays, and tool hooks for hanging your tongs and spatula. With the powerful GS4 grilling system and iGrill capability, you're already set up for BBQ success ; GS4 Infinity Ignition; GS4 Stainless Steel Burners; GS4 Porcelain-Enameled Flavorizer Bars; GS4 Grease Management System; iGrill 3 compatible (sold separately); Fold down left stainless steel side table; 6 Tool Hooks; 10-foot flexible hose (NG model)",479,https://cdn-tp3.mozu.com/24645-37138/cms/37138/files/b5dcfde0-37b7-4b86-b7d1-5e75abaa64c4?quality=60&_mzcb=_1605141010317
8398240,Char-Broil Patio Bistro 1 burners Liquid Propane Grill Black,grills-and-smokers," The Patio BistroÂ® gas grills are great if you have a small footprint for backyard grilling. It features the TRU infrared cooking system for no flare-ups and even heat. Start the grill with the touch of a button with the electronic ignition. It includes stainless steel grates and a warming rack. ; Small on size, mighty on features; Perfect for a patio or balcony; TRU-infrared technology for juicer food; Eliminates hot and cold spots while using less gas; Patio gas grill has electronic ignition integrated into gas control knob for a wide range of temperatures",179.99,https://cdn-tp3.mozu.com/24645-37138/cms/37138/files/22b5356b-e1a3-49bb-9217-6e646b2bf8ba?quality=60&_mzcb=_1605141010317
8256588,Weber Spirit E-310 3 burners Liquid Propane Grill Black,grills-and-smokers," The WeberÂ® SpiritÂ® series is a great place to kick-start your gas grilling adventure. After using a SpiritÂ® gas grill for the first time, all of your reservations will melt away. It offers an abundance of cooking space and the option of direct and indirect heat. Grilling a delicious meal for family and friends has never been so quick and easy! ; Stainless Steel Burners; Porcelain-Enameled Flavorizer Bars; Electronic Crossover ignition system; Porcelain-enameled shroud w/center-mounted thermometer; Painted enclosed steel cabinet w/painted steel doors; Front access, porcelain-enameled grease tray with catch pan; Fuel gauge (LP models only); 6 Tool Hooks",529,https://cdn-tp3.mozu.com/24645-37138/cms/37138/files/281f7e08-06dd-46ff-8455-bfb2a2072515?quality=60&_mzcb=_1605141010317
8255994,Weber Spirit E-210 2 burners Liquid Propane Grill Black,grills-and-smokers," The WeberÂ® SpiritÂ® series is a great place to kick-start your gas grilling adventure. After using a SpiritÂ® gas grill for the first time, all of your reservations will melt away. It offers an abundance of cooking space and the option of direct and indirect heat. Grilling a delicious meal for family and friends has never been so quick and easy. ; Painted enclosed steel cabinet w/painted steel doors; Electronic crossover ignition system; Porcelain-Enameled Flavorizer Bars; Fold down side tables; Porcelain-enameled shroud w/center-mounted thermometer; Fuel gauge (LP models only); Front access, porcelain-enameled grease tray with catch pan; Grill cover #8883001 (sold separately)",429,https://cdn-tp3.mozu.com/24645-37138/cms/37138/files/df26334e-7f28-4793-b6a3-e5a648c57820?quality=60&_mzcb=_1605141010317
8016636,Weber Genesis II S-435 4 burners Liquid Propane Grill Stainless Steel,grills-and-smokers," Grill burgers, sear steaks and saute veggies on a grill that's big enough to do it all. Perfectly grilled food is the mission of the Genesis II S-435. Everything from a world class grilling engine to an outstanding 10 year warranty sets you up to a backyard hero. ; GS4 Infinity Ignition; GS4 High Performance Stainless Steel Burners; GS4 Stainless Steel Flavorizer Bars; GS4 Grease Management System; 7mm Stainless Steel Cooking Grates; iGrill 3 compatible (sold separately); Stainless steel work surfaces; Fuel gauge (LP models only); Tuck-Away Warming Rack",1249,https://cdn-tp3.mozu.com/24645-37138/cms/37138/files/fb774653-856c-4733-8a34-34cb3725e3f0?quality=60&_mzcb=_1605141010317
8017322,Weber Genesis II E-325 3 burners Liquid Propane Grill Black,grills-and-smokers," An exclusive world-class grilling engine, three powerful burners with grill handle light included, enclosed grill cabinet adds extra storage space for your grilling tools. iGrill 3 smart technology compatibility - all backed by the Weber 10 year lid to wheels warranty. This is the new standard in gas grilling. ; GS4 Infinity ignition; GS4 high performance stainless steel burners; GS4 stainless steel flavorizer bars; GS4 grease management system; Tuck-away warming rack; iGrill 3 compatible (sold separately); 9,000 BTU Sear Station burner",849,https://cdn-tp3.mozu.com/24645-37138/cms/37138/files/e7764f9e-5ac1-4eff-a797-d2ee215ae91c?quality=60&_mzcb=_1605141010317
8017321,Weber Genesis II E-325 3 burners Natural Gas Grill Black,grills-and-smokers," This grill requires a natural gas line. This grill DOES NOT use a propane tank.An exclusive world-class grilling engine, three powerful burners with grill handle light included, enclosed grill cabinet adds extra storage space for your grilling tools. iGrill 3 smart technology compatibility - all backed by the Weber 10 year lid to wheels warranty. This is the new standard in gas grilling. ; GS4 Infinity ignition; GS4 high performance stainless steel burners; GS4 stainless steel flavorizer bars; GS4 grease management system; 9000 BTU Sear Station burner; iGrill 3 compatible (sold separately); Tuck-away warming rack; 9000 BTU Sear Station burner",849,https://cdn-tp3.mozu.com/24645-37138/cms/37138/files/7ba9f790-0418-4277-8584-bb367ab93487?quality=60&_mzcb=_1605141010317
8016663,Weber Genesis II SE-310 3 burners Liquid Propane Grill Black,grills-and-smokers," An exclusive world-class grilling engine, three powerful burners, grill handle light included as well as iGrill 3 smart technology compatibility - all backed by the Weber 10 year warranty. This is the new standard in gas grilling. ; GS4 Infinity Ignition; GS4 High Performance Stainless Steel Burners; GS4 Stainless Steel Flavorizer Bars; GS4 Grease Management System; 9mm Stainless Steel Cooking Grates; iGrill 3 compatible (sold separately); Stainless steel work surfaces; Fuel gauge (LP models only); Tuck-Away Warming Rack",799,https://cdn-tp3.mozu.com/24645-37138/cms/37138/files/401a6b50-6bf4-4e6b-bb09-06c4c694a7bc?quality=60&_mzcb=_1605141010317
8016671,Weber Genesis II SE-335 3 burners Liquid Propane Grill Black,grills-and-smokers," A sear station, world class grilling engine, a grill handle light and side burner to simmer barbecue sauce is your recipe for a perfectly grilled meal. The Genesis II SE-335 is equipped with the power and features you need for amazing food - all backed by a 10 year warranty. ; GS4 Infinity Ignition; GS4 High Performance Stainless Steel Burners; GS4 Stainless Steel Flavorizer Bars; GS4 Grease Management System; 9mm Stainless Steel Cooking Grates; iGrill 3 compatible (sold separately); Stainless steel work surfaces; Fuel gauge (LP models only); Tuck-Away Warming Rack",999,https://cdn-tp3.mozu.com/24645-37138/cms/37138/files/a4ed9773-7385-4e3a-bcf5-2443e3624d44?quality=60&_mzcb=_1605141010317
8016684,Weber Genesis II E-310 3 burners Liquid Propane Grill Black,grills-and-smokers," An exclusive world-class grilling engine, three powerful burners, with iGrill 3 smart technology compatibility - all backed by the Weber 10 year lid to wheels warranty. This is the new standard in gas grilling. ; GS4 Infinity Ignition; GS4 High Performance Stainless Steel Burners; GS4 Stainless Steel Flavorizer Bars; GS4 Grease Management System; iGrill 3 compatible (sold separately); Stainless steel work surfaces; Fuel gauge (LP models only); Tuck-Away Warming Rack",749,https://cdn-tp3.mozu.com/24645-37138/cms/37138/files/7e9edafe-6326-4e6b-be6d-0fc28fff5bc4?quality=60&_mzcb=_1605141010317
8016686,Weber Genesis II S-335 3 burners Liquid Propane Grill Stainless Steel,grills-and-smokers," There is nothing ordinary about a grill that can simmer sauce while searing steaks, just inches apart. The Genesis II S-335 is equipped with a sear station, side burner. 10 year warranty, and that's just the beginning. ; GS4 Infinity Ignition; GS4 High Performance Stainless Steel Burners; GS4 Stainless Steel Flavorizer Bars; GS4 Grease Management System; 7mm Stainless Steel Cooking Grates; iGrill 3 compatible (sold separately); Stainless steel work surfaces; Fuel gauge (LP models only); Tuck-Away Warming Rack",1049,https://cdn-tp3.mozu.com/24645-37138/cms/37138/files/73da690b-55a2-4d5e-ab1f-fb59a26023a8?quality=60&_mzcb=_1605141010317
8017320,Weber Genesis II E-325 3 burners Liquid Propane Grill Indigo,grills-and-smokers," An exclusive world-class grilling engine, three powerful burners with grill handle light included, enclosed grill cabinet adds extra storage space for your grilling tools. iGrill 3 smart technology compatibility - all backed by the Weber 10 year lid to wheels warranty. This is the new standard in gas grilling. ; GS4 Infinity ignition; GS4 high performance stainless steel burners; GS4 stainless steel flavorizer bars; GS4 grease management system; 9000 BTU Sear Station burner; iGrill 3 compatible (sold separately); Tuck-away warming rack",849,https://cdn-tp3.mozu.com/24645-37138/cms/37138/files/9b4af8f9-c44d-4140-b88f-dd090c47093e?quality=60&_mzcb=_1605141010317
8017318,Weber Genesis II E-315 3 burners Liquid Propane Grill Indigo,grills-and-smokers," An exclusive world-class grilling engine, three powerful burners, enclosed grill cabinet that adds extra storage space for your grilling tools, and iGrill 3 smart technology compatibility - all backed by the Weber 10 year lid to wheels warranty. This is the new standard in gas grilling. ; GS4 Infinity ignition; GS4 high performance stainless steel burners; GS4 stainless steel flavorizer bars; GS4 grease management system; iGrill 3 compatible (sold separately); 10 Year Warranty; Tuck-Away Warming Rack",799,https://cdn-tp3.mozu.com/24645-37138/cms/37138/files/4f625583-120a-49d5-82e3-312f9bd5a97f?quality=60&_mzcb=_1605141010317
8256919,Weber Spirit E-310 3 burners Natural Gas Grill Black,grills-and-smokers," This grill requires a natural gas line. This grill DOES NOT use a propane tank. The WeberÂ® SpiritÂ® series is a great place to kick-start your gas grilling adventure. After using a SpiritÂ® gas grill for the first time, all of your reservations will melt away. It offers an abundance of cooking space and the option of direct and indirect heat. Grilling a delicious meal for family and friends has never been so quick and easy! ; Stainless Steel Burners; Porcelain-Enameled Flavorizer Bars; Electronic Crossover ignition system; Porcelain-enameled shroud w/center-mounted thermometer; Painted enclosed steel cabinet w/painted steel doors; Front access, porcelain-enameled grease tray with catch pan; 10-foot flexible hose (NG model); 6 Tool Hooks",529,https://cdn-tp3.mozu.com/24645-37138/cms/37138/files/55f952b1-4fda-4381-8c68-f514e04a9944?quality=60&_mzcb=_1605141010317
8338238,Blackstone 2 burners Liquid Propane Outdoor Griddle Black,grills-and-smokers," Discover the joys of Griddle Cooking. The Blackstone 28 inch Griddle is perfect for cooking for small or large groups, in your backyard or at your favorite campsite. The Griddle is evenly heated thanks to the H-Burner design, stainless steel tube. With perfect distance under the griddle and engineered spacing between burners, the result is a uniform heat across the surface. This creates a perfect cooking surface. The legs to the Blackstone 28 inch Griddle can be folded up allowing for easy transport. Turn any outing into a well catered event and look like a chef superstar. ; 28.5 inch x 16.5 inch cooking surface; Long lasting stainless steel burner in H-Formation for even heating; Cold rolled 10 gauge steel griddle; Griddle top is easily removable; Sturdy steel frame is powder coated; Two commercial caster wheels; Fasteners to hang propane tank to appliance; Long lasting stainless steel burner in H-Formation for even heating",199.99,https://cdn-tp3.mozu.com/24645-37138/cms/37138/files/a75d540c-c4a1-425d-b879-ee9f2b83dd75?quality=60&_mzcb=_1605141010317
8338220,Blackstone 4 burners Liquid Propane Outdoor Griddle Black,grills-and-smokers," Blackstone Griddles are crafted to high standards of both function and portability. Griddle cooking with Blackstone Griddles will open the door to numerous possibilities in your outdoor cooking experience. Breakfast, Lunch or Dinner, the Blackstone 36 inch Griddle is a perfect fit for fast and consistent griddle results. The solid steel griddle is designed for consistent and even temperature across the griddle surface. Perfect for large groups or a more intimate setting. With (4) independently controlled burners, the Blackstone 36 inch Griddle is a breakfast loverâs dream. Make pancakes, eggs, bacon and just about anything else you can envision on this large 36 inch Griddle. ; 4 independently controlled burners with low to high temperature settings; Long life stainless steel tube burners; 6 gauge, thick rolled steel surface for excellent heat retention; Handy fold and go design makes the griddle useful for many events and occasions; Pre-seasoned griddle for a non-rust finish; 2 inch high side to help keep food on the griddle; Griddle top removes easily",339.99,https://cdn-tp3.mozu.com/24645-37138/cms/37138/files/3e633fb3-37a5-489f-92af-befe3f1a5b83?quality=60&_mzcb=_1605141010317
8394876,Char-Broil 1 burners Liquid Propane Grill Black,grills-and-smokers," Designed for on-the-go, anywhere grilling: the legs fold over the top of the grill to lock the lid in place, and heat-resistant handles mean you don't have to wait for the grill to cool down to move it. ; Convective Cooking System - A convenient and versatile cooking system with the power of propane; Portable LP Cylinder - Powered by a portable, 16.4 oz. disposable LP cylinder (sold separately).; Porcelain Coated Grates - The durable porcelain coating on these cooking grates make them rust-resistant and easy-to-clean; Quality steel construction and a durable, high-temperature finish help prevent rust to extend the life of the grill; Heat resistant handles; Folds up compactly and sets up easily",33.99,https://cdn-tp3.mozu.com/24645-37138/cms/37138/files/fc30c4db-a053-46de-a78f-6e536b534b0a?quality=60&_mzcb=_1605141010317
8016679,Weber Genesis II E-315 3 burners Liquid Propane Grill Black,grills-and-smokers," An exclusive world-class grilling engine, three powerful burners, enclosed grill cabinet that adds extra storage space for your grilling tools, and iGrill 3 smart technology compatibility - all backed by the Weber 10 year lid to wheels warranty. This is the new standard in gas grilling. ; GS4 Infinity Ignition; GS4 High Performance Stainless Steel Burners; GS4 Stainless Steel Flavorizer Bars; GS4 Grease Management System; iGrill 3 compatible (sold separately); Stainless steel work surface; Fuel gauge (LP models only); Tuck-Away Warming Rack",799,https://cdn-tp3.mozu.com/24645-37138/cms/37138/files/91c8ac17-203e-44e7-ad43-a37ae5d17804?quality=60&_mzcb=_1605141010317
8029941,Weber Spirit S-315 3 burners Liquid Propane Grill Silver,grills-and-smokers," Add flavor to the menu and spark to your life. The Spirit S-315 gas grill is ideal for entertaining a small crowd or a perfect solution to any family meal. Place serving trays and spices on the side tables so that everything you need is where you are, when you need it. ; Stainless steel burners and flavorizer bars; Stainless steel flavorizer bars; Stainless steel lid with center mounted thermometer; Painted enclosed steel cart; Fuel gauge (LP model only); 2 tool hooks",599,https://cdn-tp3.mozu.com/24645-37138/cms/37138/files/aa5e8eee-cb12-4e92-a7bb-b6ba75082593?quality=60&_mzcb=_1605141010317
8029937,Weber Spirit SP-335 3 burners Liquid Propane Grill Stainless Steel,grills-and-smokers," Add flavor to the menu and spark to your life. The Spirit SP-335 gas grill is ideal for entertaining a small crowd or a perfect solution to any family meal. Place serving trays and spices on the side tables so that everything you need is where you are, when you need it. ; Stainless steel burners and flavorizer bars; Stainless steel lid with center mounted thermometer; Painted enclosed steel cart with stainless steel door; Fuel gauge (LP model only); 2 tool hooks; 7mm stainless steel rod cooking grates",699,https://cdn-tp3.mozu.com/24645-37138/cms/37138/files/33f750f3-0e58-4cc3-8526-2e1bffec2b4a?quality=60&_mzcb=_1605141010317
8379885,Weber Q3200 2 burners Liquid Propane Grill Titanium,grills-and-smokers," Discover the best of all worlds. A modern gas grill that sits pretty on your patio, with the power of two burners. Small enough to fit in a smaller yard yet big enough to grill an entire roast. Explore your options with the Q 3200 gas grill. ; Stainless Steel Burners; Infinite control burner valves; Removable catch pan; Includes hose and regulator for 20 lb LP tank; Includes permanent Q cart; Two removable folding work tables",419,https://cdn-tp3.mozu.com/24645-37138/cms/37138/files/72866c1d-c25e-4a67-8863-2680b50c7c23?quality=60&_mzcb=_1605141010317
8394777,Weber Q1200 1 burners Liquid Propane Grill Red,grills-and-smokers," Go hiking in nature with a grill as vibrant as the scenery. Travel on or off the beaten path, camp in the woods or near the shore. Explore the world with big taste and your Q 1200 portable gas grill by your side. ; Stainless Steel Burner; 5 Year Limited Warranty; Porcelain-Enameled, Cast-Iron Cooking Grates; Infinite control burner valve; Electronic ignition system; Removable catch pan; Operates on disposable LP cylinder (sold separately); Can operate on a 20 lbs cylinder using the Weber Q adapter hose; Use on outside table top or portable Q Cart (sold separately)",209,https://cdn-tp3.mozu.com/24645-37138/cms/37138/files/b8ee7d94-4dda-479a-9322-2bf85572ef34?quality=60&_mzcb=_1605141010317
8432536,Weber Q1200 1 burners Liquid Propane Grill Black,grills-and-smokers," Go hiking in nature with a grill as vibrant as the scenery. Travel on or off the beaten path, camp in the woods or near the shore. Explore the world with big taste and your Q 1200 portable gas grill by your side. ; Stainless Steel Burner; Infinite control burner valve; Removable catch pan; Operates on disposable LP cylinder (sold separately); Can operate on a 20 lbs cylinder using the Weber Q adapter hose; Use on outside table top or portable Q Cart (sold separately)",209,https://cdn-tp3.mozu.com/24645-37138/cms/37138/files/a4368e7a-9b73-4fa9-a35d-e5254a5222ab?quality=60&_mzcb=_1605141010317
8460875,Weber Spirit E-330 3 burners Liquid Propane Grill Black,grills-and-smokers," The WeberÂ® SpiritÂ® series is a great place to kick-start your gas grilling adventure. After using a SpiritÂ® gas grill for the first time, all of your reservations will melt away. It offers an abundance of cooking space and the option of direct and indirect heat. Grilling a delicious meal for family and friends has never been so quick and easy! ; Stainless Steel Burners; 12,000 BTU Side Burner; Porcelain-Enameled Flavorizer Bars; Electronic Crossover ignition system; Porcelain-enameled shroud w/center-mounted thermometer; Painted enclosed steel cabinet w/painted steel doors; Front access, porcelain-enameled grease tray with catch pan; Fuel gauge (LP models only); 7,500 BTU Sear Burner",629,https://cdn-tp3.mozu.com/24645-37138/cms/37138/files/ae8a654e-c536-47d1-8895-12252649e599?quality=60&_mzcb=_1605141010317
8015681,Char-Broil Performance 4 burners Liquid Propane Grill Stainless Steel,grills-and-smokers," The Performanceâ¢ 4-burner grill features a sleek stainless steel design and the stainless steel burners emit flame from the top for even cooking & added durability. This grill is made to last, with rust-resistant porcelain-coated cast iron grates for easy cleaning. All the features are here including a removable porcelain-coated grease pan and an electronic igniter. ; Even heat: Stainless steel burners emit flame from the top to allow for even cooking and added durability; Easy to Clean: Porcelain-coated grease pan resists wear and tear and can be removed for easy cleaning; Made-to-Last: Cast iron ensures grates retain heat, while porcelain coating makes them rust-resistant and easy-to-clean.; Top-Ported Burners: Stainless steel burners with top ports can be easily adjusted to deliver high heat or very low temperatures.; An electronic igniter means you can light all your burners with the simple push of a button.; Lid-Mounted Temperature Gauge: Keep track of pre-heat status and monitor the inside temperature of your grill.; Secondary cooking area 150 square inches",269.99,https://cdn-tp3.mozu.com/24645-37138/cms/37138/files/dbc7f963-b903-4b7a-99f3-15ff3b24575f?quality=60&_mzcb=_1605141010317
8016665,Weber Genesis II E-315 3 burners Natural Gas Grill Black,grills-and-smokers," This grill requires a natural gas line. This grill DOES NOT use a propane tank.An exclusive world-class grilling engine, three powerful burners, enclosed grill cabinet adds extra storage space for your grilling tools, and iGrill 3 smart technology compatibility - all backed by the Weber 10 year lid to wheels warranty. This is the new standard in gas grilling. ; GS4 Infinity Ignition; GS4 High Performance Stainless Steel Burners; GS4 Stainless Steel Flavorizer Bars; GS4 Grease Management System; Porcelain-Enameled, Cast Iron Cooking Grates; iGrill 3 compatible (sold separately); Stainless steel work surfaces; 10-foot flexible hose (NG model); Tuck-Away Warming Rack",799,https://cdn-tp3.mozu.com/24645-37138/cms/37138/files/3224dae7-5742-406d-ab7e-3d17a5956c69?quality=60&_mzcb=_1605141010317
8016661,Weber Genesis II S-435 4 burners Natural Gas Grill Stainless Steel,grills-and-smokers," This grill requires a natural gas line. This grill DOES NOT use a propane tank.Grill burgers, sear steaks and saute veggies on a grill that's big enough to do it all. Perfectly grilled food is the mission of the Genesis II S-435. Everything from a world class grilling engine to an outstanding 10 year warranty sets you up to a backyard hero. ; GS4 Infinity Ignition; GS4 High Performance Stainless Steel Burners; GS4 Stainless Steel Flavorizer Bars; GS4 Grease Management System; 7mm Stainless Steel Cooking Grates; iGrill 3 compatible (sold separately); Stainless steel work surfaces; 10-foot flexible hose (NG hose); Tuck-Away Warming Rack",1249,https://cdn-tp3.mozu.com/24645-37138/cms/37138/files/a4236eab-19b6-4c32-8cd8-344105908b95?quality=60&_mzcb=_1605141010317
8016676,Weber Genesis II E-310 3 burners Natural Gas Grill Black,grills-and-smokers," This grill requires a natural gas line. This grill DOES NOT use a propane tank.An exclusive world-class grilling engine, three powerful burners, with iGrill 3 smart technology compatibility - all backed by the Weber 10 year lid to wheels warranty. This is the new standard in gas grilling. ; GS4 Infinity Ignition; GS4 High Performance Stainless Steel Burners; GS4 Stainless Steel Flavorizer Bars; GS4 Grease Management System; iGrill 3 compatible (sold separately); Stainless steel work surfaces; 10-foot flexible hose (NG model); Tuck-Away Warming Rack",749,https://cdn-tp3.mozu.com/24645-37138/cms/37138/files/d8c45eb2-ba4d-4af1-a7ef-c89aecb13093?quality=60&_mzcb=_1605141010317
8017323,Weber Genesis II E-325 3 burners Natural Gas Grill Indigo,grills-and-smokers," This grill requires a natural gas line. This grill DOES NOT use a propane tank.An exclusive world-class grilling engine, three powerful burners with grill handle light included, enclosed grill cabinet adds extra storage space for your grilling tools. iGrill 3 smart technology compatibility - all backed by the Weber 10 year lid to wheels warranty. This is the new standard in gas grilling. ; GS4 Infinity ignition; GS4 high performance stainless steel burners; GS4 stainless steel flavorizer bars; GS4 grease management system; 9000 BTU Sear Station burner; iGrill 3 compatible (sold separately); Tuck-away warming rack; 9000 BTU Sear Station burner; 10 Year Limited Warranty",849,https://cdn-tp3.mozu.com/24645-37138/cms/37138/files/d820a974-e7e8-47bf-b62d-6520b1ec59b7?quality=60&_mzcb=_1605141010317
8037375,Weber Genesis II E-335 3 burners Liquid Propane Grill Deep Ocean Blue,grills-and-smokers," A sear station, world class grilling engine, and side burner to simmer barbecue sauce is your recipe for a perfectly grilled meal. The Genesis II E-335 is equipped with the power and features you need for amazing food - all backed by a 10 year warranty. ; GS4 infinity ignition; GS4 high performance stainless steel; GS4 grease management system; Fuel gauge (LP models only); Tuck-away warming rack; 2 side tables; 6 hooks",949,https://cdn-tp3.mozu.com/24645-37138/cms/37138/files/e49dc83b-7582-4f23-9317-735dbbdbce8a?quality=60&_mzcb=_1605141010317
8292583,Weber Summit S-670 6 burners Natural Gas Grill Stainless Steel,grills-and-smokers, This grill requires a natural gas line. This grill Does Not use a propane tank. Become the envy of every backyard and go beyond what's expected. From burgers on the grate to crispy chicken on the rotisserie or even adding a touch of smoke to any dish. The six burner SummitÂ® S-670 gas grill will redefine your definition of the classic grill-out. ; Tuck-away rotisserie system with flip-up motor; Enclosed cart with stainless steel doors; Removable stainless steel grease tray with catch pan; Lighted control knobs,2799,https://cdn-tp3.mozu.com/24645-37138/cms/37138/files/4e30b67e-af37-42fe-8f67-a5149a1aba7c?quality=60&_mzcb=_1605141010317
8292997,Weber Summit S-670 6 burners Liquid Propane Grill Stainless Steel,grills-and-smokers," Become the envy of every backyard and go beyond what's expected. From burgers on the grate to crispy chicken on the rotisserie, or even adding a touch of smoke to any dish. The six burner SummitÂ® S-670 gas grill will redefine your definition of the classic grill-out. ; Tuck-away rotisserie system with flip-up motor; Enclosed cart with stainless steel doors; Removable stainless steel grease tray with catch pan; Removable stainless steel grease tray with catch pan",2749,https://cdn-tp3.mozu.com/24645-37138/cms/37138/files/36ca02dd-9785-4725-a956-5ff8a69bebea?quality=60&_mzcb=_1605141010317
8292955,Weber Summit S-470 4 burners Liquid Propane Grill Stainless Steel,grills-and-smokers," Let your homemade BBQ sauce simmer on the side burner to compliment the golden brown rotisserie chicken under the lid. The four burners, large cooking area, and abundance of features in the SummitÂ® S-470 gas grill is what every grill master strives for. ; Stainless Steel Burners; 10 Year Warranty; 9mm Stainless Steel Cooking Grates; Stainless Steel Flavorizer Bars; 6,800 BTU Smoker Burner; Tuck-Away rotisserie system with flip-up motor; Enclosed cart with stainless steel doors; Removable stainless steel grease tray with catch pan; Lighted control knobs; LED tank scale display and fuel gauge (LP models only)",2099,https://cdn-tp3.mozu.com/24645-37138/cms/37138/files/51b306f0-fde7-40db-8462-cef7849d8d3b?quality=60&_mzcb=_1605141010317
8292989,Weber Summit S-470 4 burners Natural Gas Grill Stainless Steel,grills-and-smokers," This grill requires a natural gas line. This grill DOES NOT use a propane tank.Let your homemade BBQ sauce simmer on the side burner to compliment the golden brown rotisserie chicken under the lid. The four burners, large cooking area, and abundance of features in the SummitÂ® S-470 gas grill is what every grill master strives for. ; Stainless Steel Burners; 10 Year Warranty; 9mm Stainless Steel Cooking Grates; Stainless Steel Flavorizer Bars; 6,800 BTU Smoker Burner; Tuck-Away rotisserie system with flip-up motor; Enclosed cart with stainless steel doors; Removable stainless steel grease tray with catch pan; Lighted control knobs; 10-foot flexible hose (NG model)",2149,https://cdn-tp3.mozu.com/24645-37138/cms/37138/files/fdfadb42-8f9a-4a80-aa93-27c37d2a8d9c?quality=60&_mzcb=_1605141010317
8379877,Weber Q2200 1 burners Liquid Propane Grill Titanium,grills-and-smokers," Itâs the little things that make life feel big. Grill a quick afternoon lunch of burgers and hotdogs, or a fish fillet for family dinner. The Q 2200 gas grill is an easy solution for any meal. ; Stainless Steel Burner; Infinite control burner valve; Cast aluminum lid and body; Removable catch pan; Operates on disposable LP cylinder (sold separately); Can operate on a 20 lbs cylinder using the Weber Q adapter hose; Use on outside table top or portable Q Cart (sold separately)",269,https://cdn-tp3.mozu.com/24645-37138/cms/37138/files/5e55eff2-c2c6-4321-82fe-a19454b63779?quality=60&_mzcb=_1605141010317
8379224,Weber Q1000 1 burners Liquid Propane Grill Titanium,grills-and-smokers," The sun is shining and water glistening. Grab your Q 1000 portable gas grill, call your friends, and hit the waves. Small enough to go wherever you go with enough grilling space to concoct a quick meal when back on land. ; Stainless Steel Burner; Infinite control burner valve; Push button ignition system; Cast aluminum lid and body; Removable catch pan; Operates on disposable LP cylinder (sold separately); Can operate on a 20 lbs cylinder using the Weber Q adapterr hose; Use on outside table top or portable Q Cart (sold separately)",179,https://cdn-tp3.mozu.com/24645-37138/cms/37138/files/b7ad10b0-07fa-4a5b-bd75-8b92381f5aa3?quality=60&_mzcb=_1605141010317
8464539,Char-Broil Performance 3 burners Liquid Propane Grill Stainless Steel,grills-and-smokers," Our Performanceâ¢ 3-burner grill is loaded with features and perfect your mid-sized grilling needs. Start it up with the push of a button. Our infrared technology heats up faster, hotter and more evenly, for less grill flare ups and juicier food. The side burner makes it easy to fry up or warm side dishes. And you can keep your grilling tools handy and your propane out of sight with the storage cabinet. The durable grates and burners were designed to keep you grilling for the long haul. ; Tru-infrared cooking system - cook your food evenly and with less flare-ups, using infrared technology. Youâll get juicier more flavorful food every time.; Even heat - Top Ported 443 Stainless steel burners with top ports can be easily adjusted to deliver high heat or very low temperatures evenly across the cooking grate.; Durable porcelain coated cast iron grates the durable porcelain coating on these cooking grates make them rust-resistant and easy-to-clean; Lid-mounted temperature gauge - keep track of pre-heat status and monitor the inside temperature of your grill; Swing-a-way warming rack - this warming rack swings back when you open the grill lid, so you can easily reach the food on your cooking grates.; Surefire® electronic igniter - an electronic igniter at each burner means you can light all your burners with the simple push of a button. no matches needed.",349.99,https://cdn-tp3.mozu.com/24645-37138/cms/37138/files/a04d8845-c135-493a-8962-6e73401f5abb?quality=60&_mzcb=_1605141010317
8016648,Weber Genesis II E-330 3 burners Liquid Propane Grill Smoke,grills-and-smokers," Unmatched grilling performance and upgraded features, such as a sear station and side burner, are what make the Genesis II E-330 your grill of choice. Backed by a 10 year warranty and lifetime of customer support, your search for the ideal grill end here. ; GS4 Infinity Ignition; GS4 High Performance Stainless Steel Burners; GS4 Stainless Steel Flavorizer Bars; GS4 Grease Management System; iGrill 3 compatible (sold separately) (sold separately); Stainless steel work surfaces; Fuel gauge (LP models only); Tuck-Away Warming Rack",899,https://cdn-tp3.mozu.com/24645-37138/cms/37138/files/1303da39-9818-40a1-8309-a669258828d2?quality=60&_mzcb=_1605141010317
8016667,Weber Genesis II S-310 3 burners Liquid Propane Grill Stainless Steel,grills-and-smokers," Grilling on a Genesis II is anything but ordinary. With a world-class grilling engine, three powerful burners, and iGrill 3 smart technology compatibility - all backed by a 10 year Weber warranty - the bar has been raised, and standard set. ; GS4 Infinity Ignition; GS4 High Performance Stainless Steel Burners; GS4 Stainless Steel Flavorizer Bars; GS4 Grease Management System; 7mm Stainless Steel Cooking Grates; iGrill 3 compatible (sold separately); Stainless steel work surfaces; Fuel gauge (LP models only); Tuck-Away Warming Rack",899,https://cdn-tp3.mozu.com/24645-37138/cms/37138/files/f084d1c2-f0da-404f-b3bf-96f336a5b2e5?quality=60&_mzcb=_1605141010317
8016658,Weber Genesis II SE-330 3 burners Liquid Propane Grill Copper,grills-and-smokers," Unmatched grilling performance and upgraded features, such as a sear station, side burner and grill handle light, are what make the Genesis II SE-330 your grill of choice. Backed by a 10 year warranty and lifetime of customer support, your search for the ideal grill ends here. ; GS4 Infinity Ignition; GS4 High Performance Stainless Steel Burners; GS4 Stainless Steel Flavorizer Bars; GS4 Grease Management System; IGrill 3 iGrill 3 compatible (sold iGrill 3 compatible (sold separately)) (sold separately); Stainless steel work surfaces; Fuel gauge (LP models only); Tuck-Away Warming Rack",949,https://cdn-tp3.mozu.com/24645-37138/cms/37138/files/ea85c40a-70a0-4d77-97a5-5de2d387f60c?quality=60&_mzcb=_1605141010317
8016659,Weber Genesis II SE-330 3 burners Liquid Propane Grill Crimson,grills-and-smokers," Unmatched grilling performance and upgraded features, such as a sear station, side burner, and grill handle light, are what make the Genesis II SE-330 your grill of choice. Backed by a 10 year warranty and lifetime of customer support, your search for the ideal grill ends here. ; GS4 Infinity Ignition; GS4 High Performance Stainless Steel Burners; GS4 Stainless Steel Flavorizer Bars; GS4 Grease Management System; 9MM Stainless Steel Cooking Grates; iGrill 3 compatible (sold separately); Stainless steel work surfaces; Fuel gauge (LP models only); Tuck-Away Warming Rack",949,https://cdn-tp3.mozu.com/24645-37138/cms/37138/files/0783ad87-1bd1-447e-9dc0-9e3a267d161c?quality=60&_mzcb=_1605141010317
8016668,Weber Genesis II E-410 4 burners Liquid Propane Grill Black,grills-and-smokers," Grill a burger for everyone at the party at once. A large grilling area, high performance grilling system, and convenient side tables for prep, are all you need to easily execute lots of food when you need to, or a family meal any night of the week. ; GS4 Infinity Ignition; GS4 High Performance Stainless Steel Burners; GS4 Stainless Steel Flavorizer Bars; GS4 Grease Management System; Porcelain-Enameled, Cast-Iron Cooking Grates; iGrill 3 compatible (sold separately); Stainless steel work surfaces; Fuel gauge (LP models only); Tuck-Away Warming Rack",999,https://cdn-tp3.mozu.com/24645-37138/cms/37138/files/53190e5f-81d6-4d30-b015-df86e280f3b5?quality=60&_mzcb=_1605141010317
8016666,Weber Genesis II SE-330 3 burners Liquid Propane Grill Black,grills-and-smokers," Unmatched grilling performance and upgraded features, such as a sear station, side burner and grill handle light, are what make the Genesis II SE-330 your grill of choice. Backed by a 10 year warranty and lifetime of customer support, your search for the ideal grill ends here. ; GS4 Infinity Ignition; GS4 High Performance Stainless Steel Burners; GS4 Stainless Steel Flavorizer Bars; GS4 Grease Management System; 9MM Stainless Steel Cooking Grates; iGrill 3 compatible (sold separately); Stainless steel work surfaces; Fuel gauge (LP models only); Tuck-Away Warming Rack",949,https://cdn-tp3.mozu.com/24645-37138/cms/37138/files/8cba9474-4bec-4667-8bcd-80452ad66812?quality=60&_mzcb=_1605141010317
8016674,Weber Genesis II SE-330 3 burners Liquid Propane Grill Smoke,grills-and-smokers," Unmatched grilling performance and upgraded features, such as a sear station, side burner, and grill handle light, are what make the Genesis II SE-330 your grill of choice. Backed by 10 year warranty and lifetime of customer support, your search for the ideal grill ends here. ; GS4 Infinity Ignition; GS4 High Performance Stainless Steel Burners; GS4 Stainless Steel Flavorizer Bars; GS4 Grease Management System; 9mm Stainless Steel Cooking Grates; iGrill 3 compatible (sold separately); Stainless steel work surfaces; Fuel gauge (LP models only); Tuck-Away Warming Rack",949,https://cdn-tp3.mozu.com/24645-37138/cms/37138/files/c464ac70-fef7-4d0f-a4e7-b6279cbb9f52?quality=60&_mzcb=_1605141010317
8016672,Weber Genesis II E-410 4 burners Natural Gas Grill Black,grills-and-smokers," This grill requires a natural gas line. This grill DOES NOT use a propane tank.Grill a burger for everyone at the party at once. A large grilling area, high performance grilling system, and convenient side tables for prep, are all you need to easily execute lots of food when you need to, or a family meal any night of the week. ; GS4 Infinity Ignition; GS4 High Performance Stainless Steel Burners; GS4 Stainless Steel Flavorizer Bars; GS4 Grease Management System; iGrill 3 compatible (sold separately); Stainless steel work surfaces; 10-foot flexible hose (NG model); Tuck-Away Warming Rack",999,https://cdn-tp3.mozu.com/24645-37138/cms/37138/files/4851f0c8-f676-4d8e-b0e1-83558aeda258?quality=60&_mzcb=_1605141010317
8016673,Weber Genesis II E-330 3 burners Liquid Propane Grill Black,grills-and-smokers," Unmatched grilling performance and upgraded features, such as a sear station and side burner, are what make the Genesis II E-330 your grill of choice. Backed by a 10 year warranty and lifetime of customer support, your search for the ideal grill ends here. ; GS4 Infinity Ignition; GS4 High Performance Stainless Steel Burners; GS4 Stainless Steel Flavorizer Bars; GS4 Grease Management System; iGrill 3 compatible (sold separately); Stainless steel work surfaces; Fuel gauge (LP models only); Tuck-Away Warming Rack",899,https://cdn-tp3.mozu.com/24645-37138/cms/37138/files/e04fe3b8-5771-4f28-877a-cebedb78352d?quality=60&_mzcb=_1605141010317
8016683,Weber Genesis II S-335 3 burners Natural Gas Grill Stainless Steel,grills-and-smokers," This grill requires a natural gas line. This grill DOES NOT use a propane tank.There is nothing ordinary about a grill that can simmer sauce while searing steaks, just inches apart. The Genesis II S-335 is equipped with a sear station, side burner. 10 year warranty, and that's just the beginning. ; GS4 Infinity Ignition; GS4 High Performance Stainless Steel Burners; GS4 Stainless Steel Flavorizer Bars; GS4 Grease Management System; 7mm Stainless Steel Cooking Grates; iGrill 3 compatible (sold separately); Stainless steel work surfaces; 10-foot flexible hose (NG model); Tuck-Away Warming Rack",1049,https://cdn-tp3.mozu.com/24645-37138/cms/37138/files/b1c048c3-e5d8-4444-a6d9-0448e730e774?quality=60&_mzcb=_1605141010317
8016680,Weber Genesis II E-335 3 burners Liquid Propane Grill Black,grills-and-smokers," A sear station, world class grilling engine, and side burner to simmer barbecue sauce is your recipe for a perfectly grilled meal. The Genesis II E-335 is equipped with the power and features you need for amazing food - all backed by a 10 year warranty. ; GS4 Infinity Ignition; 10 Year Warranty; GS4 High Performance Stainless Steel; GS4 Stainless Steel Flavorizer Bars; GS4 Grease Management System; iGrill 3 compatible (sold separately); Stainless steel work surfaces; Fuel gauge (LP models only); Tuck-Away Warming Rack",949,https://cdn-tp3.mozu.com/24645-37138/cms/37138/files/a4d9d196-e2be-4bf6-925c-8e103f67a733?quality=60&_mzcb=_1605141010317
8016675,Weber Genesis II SE-310 3 burners Natural Gas Grill Black,grills-and-smokers," This grill requires a natural gas line. This grill DOES NOT use a propane tank.An exclusive world-class grilling engine, three powerful burners, grill handle light included as well as iGrill 3 smart technology compatibility - all backed by the Weber 10 year warranty. This is the new standard in gas grilling. ; GS4 Infinity Ignition; GS4 High Performance Stainless Steel Burners; GS4 Stainless Steel Flavorizer Bars; GS4 Grease Management System; 9mm Stainless Steel Cooking Grates; iGrill 3 compatible (sold separately); Stainless steel work surfaces; 10-foot flexible hose (NG model); Tuck-Away Warming Rack",799,https://cdn-tp3.mozu.com/24645-37138/cms/37138/files/10da5a9a-a6e6-4ef5-a812-f0292d385b2a?quality=60&_mzcb=_1605141010317
8016682,Weber Genesis II E-335 3 burners Natural Gas Grill Black,grills-and-smokers," This grill requires a natural gas line. This grill DOES NOT use a propane tank.A sear station, world class grilling engine, and side burner to simmer barbecue sauce is your recipe for a perfectly grilled meal. The Genesis II E-335 is equipped with the power and features you need for amazing food - all backed by a 10 year warranty. ; GS4 Infinity Ignition; GS4 High Performance Stainless Steel Burners; GS4 Stainless Steel Flavorizer Bars; GS4 Grease Management System; iGrill 3 compatible (sold separately); Stainless steel work surfaces; 10-foot flexible hose (NG model); Tuck-Away Warming Rack",949,https://cdn-tp3.mozu.com/24645-37138/cms/37138/files/bf98bfee-3eb4-446e-95a5-a67ffbec6e3c?quality=60&_mzcb=_1605141010317
8016687,Weber Genesis II E-330 3 burners Liquid Propane Grill Copper,grills-and-smokers," Unmatched grilling performance and upgraded features, such as a sear station and side burner, are what make the Genesis II E-330 your grill of choice. Backed by a 10 year warranty and lifetime of customer support, your search for the ideal grill ends here. ; GS4 Infinity Ignition; GS4 High Performance Stainless Steel Burners; GS4 Stainless Steel Flavorizer Bars; GS4 Grease Management System; iGrill 3 compatible (sold separately); Stainless steel work surfaces; Fuel gauge (LP models only); Tuck-Away Warming Rack",899,https://cdn-tp3.mozu.com/24645-37138/cms/37138/files/931b6ad6-a48e-4915-881a-e8861442ad90?quality=60&_mzcb=_1605141010317
8029939,Weber Spirit S-315 3 burners Natural Gas Grill Stainless Steel,grills-and-smokers," Add flavor to the menu and spark to your life. The Spirit S-315 gas grill is ideal for entertaining a small crowd or a perfect solution to any family meal. Place serving trays and spices on the side tables so that everything you need is where you are, when you need it. ; Stainless steel burners and flavorizer bars; Painted enclosed steel cart; Stainless steel lid with center mounted thermometer; 10 ft natural gas flexible hose; 2 tool hooks",599,https://cdn-tp3.mozu.com/24645-37138/cms/37138/files/1546f95c-9ee1-4e8e-b035-c870ca532dcd?quality=60&_mzcb=_1605141010317
8414336,Blackstone Tailgater Combo 2 burners Liquid Propane Outdoor Griddle Black,grills-and-smokers," The Tailgater Combo makes the perfect all-purpose cooking unit for the outdoors. Adjustable legs means you can cook on any terrain and stay level. Two hot burners give you the ability to cook different styles at the same time. Go frying pan, stock pot, Dutch oven and go for fast intense heat. Throw on the Grill Box and now youâre grilling up to 500+ degrees. Lower your temp and go for the griddle for some flat cooking. Enjoy the outdoors with solid cooking versatility. ; Durable double burner chassis; Two independently controlled burners, 1 stainless steel tube, 1 cast iron; 35000 BTU burner output (Stainless 15000 BTU, Cast Iron 20000 BTU); 1-AA battery (not included) powered ignition; Variable leg lengths to match any terrain; Large multi-purpose grill cooking surface on the left, griddle surface on the right, both 16 x 16 inch; Accessories can be removed for direct burner access to use with Dutch ovens, skillets and stock pots; Two extra large grease trays, one for each side",229.99,https://cdn-tp3.mozu.com/24645-37138/cms/37138/files/8e27a4d0-339a-41f5-8c87-65533bfa1d4e?quality=60&_mzcb=_1605141010317
8464547,Char-Broil Performance 2 burners Liquid Propane Grill Black,grills-and-smokers," Our Performanceâ¢ TRU-Infraredâ¢ 2 burner gas grill is loaded with features and perfect your mid-sized grilling needs. Start it up with the push of a button. Our infrared technology heats up faster, hotter and more evenly, for less grill flare ups and juicier food. The durable grates and burners were designed to keep you grilling for the long haul. ; Tru-infrared cooking system - cook your food evenly and with less flare-ups, using infrared technology. youâll get juicier more flavorful food every time.; Even heat  - Top Ported Stainless steel burners with top ports can be easily adjusted to deliver high heat or very low temperatures evenly across the cooking grate; Porcelain-coated grates - the durable porcelain coating on these cooking grates make them rust-resistant and easy-to-clean; Lid-mounted temperature gauge - keep track of pre-heat status and monitor the inside temperature of your grill; Top-ported burner- Stainless steel burners with top ports can be easily adjusted to deliver high heat or very low temperatures; Swing-a-way warming rack -this warming rack swings back when you open the grill lid, so you can easily reach the food on your cooking grates",259.99,https://cdn-tp3.mozu.com/24645-37138/cms/37138/files/9ee5b7d1-6a5e-4196-b6a6-40ad5ae165e8?quality=60&_mzcb=_1605141010317
8023353,Char-Broil Performance 5 burners Liquid Propane Grill Stainless Steel,grills-and-smokers," The Char-BroilÂ© Performance Seriesâ¢ 5-Burner Gas Grill packs a ton of grilling features into a sleek stainless cabinet design. This grill is large and made to last, with porcelain-coated cast iron grates that are rust-resistant and easy to clean. All the features are here including a 10,000 BTU side burner, durable stainless steel burners, rust-resistant cast-iron grates, and a removable porcelain-coated grease pan for easy cleaning. ; Stainless steel burners emit flame from the top to allow for even cooking; Porcelain-coated grease pan is durable and can be removed for easy cleaning; Porcelain coated cast-iron grates are rust-resistant and made to last; Push-to-start electric ignition to reliably fire up your grill; 10,000 BTU side burner for added grilling versatility; Lid-Mounted Temperature Gauge to easily monitor the inside temperature of your grill",359.99,https://cdn-tp3.mozu.com/24645-37138/cms/37138/files/6e9ce0b2-e180-43e4-bc3b-a0ec2068e1e1?quality=60&_mzcb=_1605141010317
8024545,Ooni Koda Gas-Powered Outdoor Pizza Oven 1 burners Liquid Propane Pizza Oven Black,grills-and-smokers," Designed for ultimate speed, convenience and ease of use, Ooni Koda features one-touch gas ignition and an adjustable heat control dial for cooking jaw-dropping pizza in just 60 seconds. Ready right out of the box, Ooni Koda is good to go in seconds-simply flip open the foldable legs, insert the cordierite stone baking board and connect to a gas tank. Cooking outdoors with gas has never been so simple (or so beautiful). ; What's Included: Ooni Koda Gas-Powered Pizza Oven, Stone baking board, Manual and Essentials Guide, Propane tank gas regulator and hose; One-touch gas ignition; Adjustable heat control dial; Has a cordierite stone baking board",329.99,https://cdn-tp3.mozu.com/24645-37138/cms/37138/files/df3ddcac-fe58-485a-aca6-cf0439be8bb9?quality=60&_mzcb=_1605141010317
8382608,Weber 1 burners Liquid Propane Grill Black,grills-and-smokers," The freedom to go anywhere, curiosity to explore, and ambition to bring big taste to any adventure. With your Go-Anywhere gas grill in the trunk and map in hand, there are no limits to the open road. ; Stainless Steel Burner; Porcelain-Enameled Cooking Grate; Plated steel legs pivot to lock lid in place for carrying; Glass-reinforced nylon handle; Operates on disposable LP cylinder (sold separately); 10 Year Limited Warranty",69.99,https://cdn-tp3.mozu.com/24645-37138/cms/37138/files/9432c407-1a60-4e8b-95c2-b96f0d7b42b4?quality=60&_mzcb=_1605141010317
8469314,Blackstone 1 burners Liquid Propane Outdoor Griddle Stainless Steel,grills-and-smokers," The Blackstone Gas 17'' Tabletop Griddle is ready for any occasion. Easy to carry and take to the tailgate, campsite, and wilderness. Fast heat-up with 12,000 BTUs to cook anything, anytime, anywhere. Burgers, hot dogs, steaks, stir fry, bacon, and more! The âHâ style burner provides even heat distribution for optimal cooking across the whole griddle. Impress friends and family with delicious food without the effort. Stays level on any surface, from grassy hills to muddy terrain so you can cook up meals without the stress! ; Easy assembly, with piezoelectric ignition; Griddle top is easily removable and flips over for easy storage; Adjustable height feet; Integrated grease tray; Stainless steel ""H"" style burners for long life; Heavy duty, cold-rolled steel cooking surface",89.99,https://cdn-tp3.mozu.com/24645-37138/cms/37138/files/4df3845d-441b-4dfc-aaca-48c0a14352c1?quality=60&_mzcb=_1605141010317
8379422,Weber Q1200 1 burners Liquid Propane Grill Titanium,grills-and-smokers," Go hiking in nature with a grill as vibrant as the scenery. Travel on or off the beaten path, camp in the woods or near the shore. Explore the world with big taste and your Q 1200 portable gas grill by your side. ; Stainless Steel Burner; Infinite control burner valve; Removable catch pan; Operates on disposable LP cylinder (sold separately); Can operate on a 20 lbs cylinder using the Weber Q adapter hose; Use on outside table top or portable Q Cart (sold separately)",209,https://cdn-tp3.mozu.com/24645-37138/cms/37138/files/96ce0315-b2fd-4ca1-b20f-bf9fa27885e2?quality=60&_mzcb=_1605141010317
8432627,Weber Q1200 1 burners Liquid Propane Grill Blue,grills-and-smokers," Go hiking in nature with a grill as vibrant as the scenery. Travel on or off the beaten path, camp in the woods or near the shore. Explore the world with big taste and your Q 1200 portable gas grill by your side. ; Stainless Steel Burner; Infinite control burner valve; Removable catch pan; Operates on disposable LP cylinder (sold separately); Can operate on a 20 lbs cylinder using the Weber Q adapter hose; Use on outside table top or portable Q Cart (sold separately)",209,https://cdn-tp3.mozu.com/24645-37138/cms/37138/files/20e74548-6fa1-444f-a03f-ebab03bdc794?quality=60&_mzcb=_1605141010317
8016653,Weber Genesis II E-330 3 burners Natural Gas Grill Black,grills-and-smokers," This grill requires a natural gas line. This grill DOES NOT use a propane tank.Unmatched grilling performance and upgraded features, such as a sear station and side burner, are what make the Genesis II E-330 your grill of choice. Backed by a 10 year warranty and lifetime of customer support, your search for the ideal grill ends here. ; What's Included: 10 Ft. Natural Gas Flexible Hose; GS4 Infinity Ignition; GS4 High Performance Stainless Steel Burners; GS4 Stainless Steel Flavorizer Bars; GS4 Grease Management System; Porcelain-Enameled, Cast-Iron Cooking Grates; iGrill 3 compatible (sold separately); Stainless steel work surfaces; 10-foot flexible hose NG); Tuck-Away Warming Rack",899,https://cdn-tp3.mozu.com/24645-37138/cms/37138/files/12560b84-4e12-4674-a1f8-cce6e7aa537e?quality=60&_mzcb=_1605141010317
8016681,Weber Genesis II SE-330 3 burners Natural Gas Grill Black,grills-and-smokers," This grill requires a natural gas line. This grill DOES NOT use a propane tank.Unmatched grilling performance and upgraded features, such as a sear station, side burner, and grill handle light, are what make the Genesis II SE-330 your grill of choice. Backed by a 10 year warranty and lifetime customer support, your search for the ideal grill ends here. ; GS4 Infinity Ignition; GS4 High Performance Stainless Steel Burners; GS4 Stainless Steel Flavorizer Bars; GS4 Grease Management System; 9MM Stainless Steel Cooking Grates; iGrill 3 compatible (sold separately); Stainless steel work surfaces; 10-foot flexible hose (NG model); Tuck-Away Warming Rack",949,https://cdn-tp3.mozu.com/24645-37138/cms/37138/files/db68e96a-24f3-4685-a664-12fa82e972c5?quality=60&_mzcb=_1605141010317
8016678,Weber Genesis II E-330 3 burners Liquid Propane Grill Crimson,grills-and-smokers," Unmatched grilling performance and upgraded features, such as a sear station and side burner, are what make the Genesis II E-330 your grill of choice. Backed by a 10 year warranty and lifetime of customer support, your search for the ideal grill ends here. ; GS4 Infinity Ignition; GS4 High Performance Stainless Steel Burners; GS4 Stainless Steel Flavorizer Bars; GS4 Grease Management System; iGrill 3 compatible (sold separately); Stainless steel work surfaces; Fuel gauge (LP models only); Tuck-Away Warming Rack",899,https://cdn-tp3.mozu.com/24645-37138/cms/37138/files/8063cc99-7549-47db-ad46-0a148f1ba5e7?quality=60&_mzcb=_1605141010317
8486672,FireDisc 1 burners Liquid Propane Grill Fireman Red,grills-and-smokers," The Fireman Red 36â Deep FireDisc Cooker is 36 inches high which is standard counter top height with the built in Heat Ring and powder coated at over 450 degrees. It has a 22 concave cooking surface and is completely collapsible. The FireDisc Cooker is completely portable and built to last with no assembly required. You can boil, fry, sear or simmer. FireDisc products come with a 5 year limited warranty. ; 22â Disc diameter and 69.08 â Disc circumference; High Heat Powder coated; 380 Square Inches of total cooking area; Portable and built to last with no assembly required; You can boil, fry, sear or simmer; 57 lbs. â 60 lbs. in weight; 2 Disc Gripsâ¢ â durable high heat rubber handles; 4 Disc Cleatsâ¢ â durable high heat silicone cleats; Runs a 16 oz. propane tank and adaptable to a 20 lb. propane tank; 5-gallon capacity",349.99,https://cdn-tp3.mozu.com/24645-37138/cms/37138/files/3dc23779-eba0-4fc7-9afd-5ef377793848?quality=60&_mzcb=_1605141010317
8000275,Broil King Baron S420 Pro 4 burners Liquid Propane Grill Stainless Steel,grills-and-smokers," Perfect for small to mid-sized families, the contemporary stainless steel finish of the Baron S420 PRO Special Edition premium gas grill is sure to turn heads in your outdoor living area. This top-performer creates searing temperatures from its 4 stainless steel Dual-Tube burners. Incredibly heavy, stainless steel cooking grids provide those perfect sear marks in an easy to clean and maintain package. Be the hero of the household by grilling the perfect steak dinner, complete with all of the fixings for family and friends on your new Broil King grill. No other grill on the market provides you with this type of performance and value ratio. ; What's Included: All main grill components, parts and hardware for assembly, assembly manual, Griller's Handbook and Recipe Guide; Stainless steel heavy duty and easy to clean cooking grids; Durable stainless steel cookbox; 4 patented stainless steel Dual-Tube burners; 8 mm heavy duty stainless steel cooking grids; Enclosed cabinet base with stainless steel drop-down side shelves; Matching cover SKU 8397929",699.99,https://cdn-tp3.mozu.com/24645-37138/cms/37138/files/89201cab-0acb-487f-b272-f2cfb442664a?quality=60&_mzcb=_1605141010317
8338287,Broil-Mate Broil Mate 2 burners Liquid Propane Grill Black,grills-and-smokers," All grills are not created equal. Broil-Mate is designed for unbeatable grilling performance in a small to mid-sized grill. Broil-Mate grills boast even heat distribution and a grilling system designed to give you searing power and great barbecue flavor. Big functionality in a small size grill. If you are looking for performance and value you wonât be disappointed. Consumer reviews of this Made in the USA gas grill praise its power, low-temperature control, evenness of heat and the versatility of having a substantial secondary cooking area. ; What's Included: All main grill components, parts, and hardware for assembly, assembly and manual, Griller's Handbook and Recipe Guide; Stainless steel burner system; Aluminized steel cooking system; Sure-Lite ignition system; Resin perma-mold side shelves with integrated tool hooks; Durable cast aluminum cookbox",129.99,https://cdn-tp3.mozu.com/24645-37138/cms/37138/files/c5ab6da6-12ff-4d2e-90ea-418efa4cf183?quality=60&_mzcb=_1605141010317
8379869,Weber Q2000 1 burners Liquid Propane Grill Titanium,grills-and-smokers," Voyage without a destination and savor the journey. Watch the sunrise with the rich aroma of breakfast infusing the air, courtesy of your favorite travel companion. The Q 2000 portable gas grill ventures as far as the quest calls. ; Stainless Steel Burner; Infinite control burner valve; Push button ignition system; Cast aluminum lid and body; Removable catch pan; Operates on disposable LP cylinder (sold separately); Can operate on a 20 lbs cylinder using the Weber Q adapter hose; Use on outside table top or portable Q Cart (sold separately)",249,https://cdn-tp3.mozu.com/24645-37138/cms/37138/files/e225a66c-0889-4ccc-8224-56edb8cbf39d?quality=60&_mzcb=_1605141010317
8464471,Char-Broil Charcoal/Liquid Propane Grill Black,grills-and-smokers," The Deluxe Charcoal & Gas Combo Grill is great for those who love the experience and flavor of grilling with charcoal but also love the ease of grilling with gas. The deluxe combo grill offers great storage and workspace with the handy side shelf and two door rolling cart. No matter how you want to grill the Combo has you covered! ; Move your charcoal pan as close to the cooking grate as you want it with the adjustable crank lever; The grill temperature by opening and closing the dampers. To burn hotter keep the damper open, to lower the temperature, partially close it; Keep track of pre-heat status and monitor the inside temperature of your grill; This warming rack swings back when you open the grill lid, so you can easily reach the food on your cooking grates; A handy place for your grilling tools and cooking accessories that doubles as extra workspace while you're cooking; Warm up sauces and side dishes to complement what you grill, or flip the lid down and use the surface as additional workspace",379.99,https://cdn-tp3.mozu.com/24645-37138/cms/37138/files/9c007e17-8be5-49e0-971d-8a086e771582?quality=60&_mzcb=_1605141010317
8511867,Char-Broil Classic 3 burners Liquid Propane Grill Black,grills-and-smokers," The Classic 3-burner gas grill is perfect for the smaller cookout. It features in-line stainless steel burners for even heat, a Piezo ignition for easy starts and itâs equipped with two metal side shelves for extra space. And with the 5-year burner warranty, you can grill for the long haul. ; Stainless Steel Burners: Three durable metal burners can take the heat and are built to last.; Convective Cooking System: Great for grilling and indirect cooking at low temperatures.; Side Shelves: Two handy places for your grilling tools and cooking accessories that doubles as extra workspace while you're cooking.; Wheels: Easily move your grill around your backyard or patio; Piezo Igniter: The push of a button creates a spark at the burner and lights the grill; Porcelain Coated Grates: The durable porcelain coating on these cooking grates make them rust-resistant and easy-to-clean.",179.99,https://cdn-tp3.mozu.com/24645-37138/cms/37138/files/31e86a36-a82c-4e9f-90bd-6ff1a32aa2f9?quality=60&_mzcb=_1605141010317
8432569,Weber Q1200 1 burners Liquid Propane Grill Orange,grills-and-smokers," Restyled for 2014, the Weber Q 120 is now the Weber Q 1200. The grill has the same great performance and sleek styling, but adds new aesthetics that are both functional and fun, including large grip handle and control knobs, ergonomic side handles, sturdy front and rear cradles, larger-sized fold-out tables with greater rigidity plus the familiar Weber Q logo branded lid. Split grates allow for grate/griddle cooking combination. Just replace one of the grates with the Q1000-series compatible griddle (sold separately). The tall lid accommodates the grilling of small roasts and birds, while the large built-in thermometer allows you to monitor temperatures inside the grill. ; Stainless Steel Burner; Infinite control burner valve; Removable catch pan; Operates on disposable LP cylinder (sold separately); Can operate on a 20 lbs cylinder using the Weber Q adapter hose; Use on outside table top or portable Q Cart (sold separately)",209,https://cdn-tp3.mozu.com/24645-37138/cms/37138/files/00be1bf6-8440-4818-84e6-75e42715f32a?quality=60&_mzcb=_1605141010317
8511834,Char-Broil Classic 2 burners Liquid Propane Grill Black,grills-and-smokers," The Classic 2-burner gas grill is perfect for the smaller cookout. It features in-line stainless steel burners for even heat, a Piezo ignition for easy starts and itâs equipped with two metal side shelves for extra space. And with the 5-year burner warranty, you can grill for the long haul. ; Stainless Steel Burners: Our durable Stainless Steel burners can take the heat and are built to last; Convective Cooking System: Great for grilling and indirect cooking at low temperatures; Side Shelves: Two handy places for your grilling tools and cooking accessories that doubles as extra workspace while you're cooking; Wheels: Easily move your grill around your backyard or patio; Piezo Igniter: The push of a button creates a spark at the burner and lights the grill; Porcelain coated steel lid and firebox stand up to the weather",139.99,https://cdn-tp3.mozu.com/24645-37138/cms/37138/files/0a590006-c0e4-4a04-9200-06e56c524c27?quality=60&_mzcb=_1605141010317
8486656,FireDisc 1 burners Liquid Propane Grill Jet Black,grills-and-smokers," The Jet Black 36â Deep FireDisc Cooker is 36 inches high which is standard counter top height with the built in Heat Ring and powder coated at over 450 degrees. It has a 22 concave cooking surface and is completely collapsible. The FireDisc Cooker is completely portable and built to last with no assembly required. You can boil, fry, sear or simmer. FireDisc products come with a 5 year limited warranty. ; 22â Disc diameter and 69.08 â Disc circumference; High Heat Powder coated; 380 Square Inches of total cooking area; Portable and built to last with no assembly required; You can boil, fry, sear or simmer; 57 lbs. â 60 lbs. in weight; 2 Disc Gripsâ¢ â durable high heat rubber handles; 4 Disc Cleatsâ¢ â durable high heat silicone cleats; Runs a 16 oz. propane tank and adaptable to a 20 lb. propane tank; 5-gallon capacity",349.99,https://cdn-tp3.mozu.com/24645-37138/cms/37138/files/36b2f6d7-56f4-4afa-9dd2-b30c7dd75280?quality=60&_mzcb=_1605141010317
8022492,Char-Broil Performance 6 burners Liquid Propane Grill Black,grills-and-smokers," The Performanceâ¢ 6-burner grill features a sleek design with a large cooking area, and the burners emit flame from the top for even cooking and added durability. This grill is made to last, with rust-resistant grates for easy cleaning. ; Even heat: Stainless steel burners emit flame from the top to allow for even cooking and added durability; Easy to Clean: Porcelain-coated grease pan resists wear and tear and can be removed for easy cleaning; Top-Ported Burners: Stainless steel burners with top ports can be easily adjusted to deliver high heat or very low temperatures.; Electronic Igniter: An electronic igniter means you can light all your burners with the simple push of a button.; Lid-Mounted Temperature Gauge: Keep track of pre-heat status and monitor the inside temperature of your grill.; Secondary cooking area 205 square inches",339.99,https://cdn-tp3.mozu.com/24645-37138/cms/37138/files/007c1e40-bf1a-45ab-90e3-166c6cbf750a?quality=60&_mzcb=_1605141010317
8037313,Pit Boss PB575GD4 Deluxe 4 burners Liquid Propane Outdoor Griddle Grill Black,grills-and-smokers," Enjoy the convenience and versatility of cooking with a Pit Boss 4.7mm Thick, Pre-Seasoned Tabletop Griddle. Itâs the perfect cooking appliance to use indoors or take along on outdoor camping trips. The Pit Boss Tabletop Griddle easily cooks everything from scrambled eggs and pancakes to seared steak and fajitas. The non-slip tabletop legs deliver sturdy support, while the pre-seasoned surface and front grease tray offer quick, mess-free cooking and clean up. Youâll love how fun and functional the Pit Boss Griddle is to use. With 289 square inches of cooking surface and two separately controlled burners, thereâs no better cooking tool to serve up what you want, where you want. Includes the Pit Boss best-in-class 5-year warranty. ; 4.7mm thick pre-seasoned griddle top with 748 sq.in. cooking area; Foldable side shelves; Four casters wheels for quick mobility; Handy fold-and-go design makes the griddle portable for any occasion; 62000-BTU stainless steel burners with easy push and turn ignition",349.99,https://cdn-tp3.mozu.com/24645-37138/cms/37138/files/50f03fdc-fc67-4854-8abc-d89aace3e187?quality=60&_mzcb=_1605141010317
8432494,Weber Q1200 1 burners Liquid Propane Grill Green,grills-and-smokers," Go hiking in nature with a grill as vibrant as the scenery. Travel on or off the beaten path, camp in the woods or near the shore. Explore the world with big taste and your Q 1200 portable gas grill by your side. ; Stainless Steel Burner; Infinite control burner valve; Removable catch pan; Operates on disposable LP cylinder (sold separately); Can operate on a 20 lbs cylinder using the Weber Q adapter hose; Use on outside table top or portable Q Cart (sold separately)",209,https://cdn-tp3.mozu.com/24645-37138/cms/37138/files/26017596-a3f7-46e3-93c0-9ee73f363f57?quality=60&_mzcb=_1605141010317
8951188,Masterbuilt Adventure Series Propane Vertical Smoker Black,grills-and-smokers," The Masterbuilt Adventure Series ThermoTemp Smoker gives you a nearly hands-free smoking experience. Simply set your desired temperature, and the patent-pending ThermoTemp technology will automatically monitor and maintain the temperature. With 4 chrome plated smoking racks, providing an ample 965 square inches of space, you can smoke 12 chickens, 6 racks of ribs or 16 fish fillets at the same time! The 15,750 BTU stainless steel burner can reach up to 350 degrees Fahrenheit to perfectly smoke your favorite foods. If the burner is extinguished, the safety valve will shut off the gas flow to the burner. The top door features a full viewing window, allowing you to monitor your food without opening the smoker and losing heat and smoke. The bottom door opens to reveal a removable wood chip tray for adding wood chips without having to open the top door and lose heat. To help retain moisture and flavor, a water bowl sits at the bottom of the smoker. This smoker sits on four caster wheels and runs on a standard 20 pound propane tank, which allows it to be easily moved or transported. A fuel level gauge is included to monitor the amount of propane left in the tank (propane tank not provided). ; Temperature sensor controls burner to maintain desired temperature; Four chrome-coated smoking racks, plus two accessory racks; Heat diffuser evenly distributes heat from burner; Handle and wheels make moving smoker easy; Stainless-steel wood chip tray mounted on lower door for easy access; Large door latch â open and close doors with one hand; Side-mounted grease tray â easy access for quick cleanup; Propane tank retention bracket provides stability for propane tank; Type 1 regulator with fuel level gauge and hose â fuel level gauge indicates the amount of propane in the tank",329.99,https://cdn-tp3.mozu.com/24645-37138/cms/37138/files/598aba0f-7e23-42c4-bfd7-0f279cd6b162?quality=60&_mzcb=_1605141010317
8486615,FireDisc 1 burners Liquid Propane Grill Fireman Red,grills-and-smokers," The Fireman Red 24â Deep FireDisc Cooker is 24 inches high with the shorter stand thatâs easier to pack and store and powder coated at over 450 degrees. It has a 22 concave cooking surface and is completely collapsible. The FireDisc Cooker is completely portable and built to last with no assembly required. You can boil, fry, sear or simmer. FireDisc products come with a 5 year limited warranty. ; 22â Disc diameter and 69.08 â Disc circumference; High Heat Powder coated; 380 Square Inches of total cooking area; Portable and built to last with no assembly required; You can boil, fry, sear or simmer; 52 lbs. â 55 lbs. in weight; 2 Disc Gripsâ¢ â durable high heat rubber handles; 4 Disc Cleatsâ¢ â durable high heat silicone cleats; Runs a 16 oz. propane tank and adaptable to a 20 lb. propane tank; 5-gallon capacity",329.99,https://cdn-tp3.mozu.com/24645-37138/cms/37138/files/e16273fd-7e6c-4040-b39b-aedafd87645c?quality=60&_mzcb=_1605141010317
8450090,Masterbuilt Propane Vertical Smoker Black,grills-and-smokers," There's smoked food, and then there's Masterbuilt smoked food. Masterbuilt's 30-inch Propane Smoker has a removable water bowl and wood trip trayâletting you customize your flavor profiles. A built-in temperature gauge and four chrome-coated smoking racks are the finishing touch on this smoker. Get ready for hours of experimenting, taste-testing, and all-around smoked goodness. Smoke up to 8 chickens, 2 turkeys, 4 racks of ribs or 4 pork butts. Master the art of smoking with Masterbuilt. ; Locking door with easy-to-read built-in temperature gauge on door.; Adjustable door latch and inner door liner helps keep heat in; Four chrome-coated smoking racks.; Four chrome-coated smoking racks; Built-in temperature gauge; Push-button ignition lights burner quickly and easily; Patented porcelain-coated flame disk bowl allows flame to reach wood chips while shielding burner from grease; 15,400 BTU stainless-steel burner; Removable porcelain-coated water bowl to add moisture and flavor; Air damper for moisture, temperature, and smoke control",219.99,https://cdn-tp3.mozu.com/24645-37138/cms/37138/files/dfde7adf-edb5-438c-ab11-257e969992a6?quality=60&_mzcb=_1605141010317
8394835,Char-Broil Charcoal Grill Black,grills-and-smokers,,129.99,https://cdn-tp3.mozu.com/24645-37138/cms/37138/files/6ddbf2c1-9f5f-45d9-aacd-09970d2bbadb?quality=60&_mzcb=_1605141010317
8046473,Ooni Koda 1 burners Liquid Propane Outdoor Pizza Oven Black,grills-and-smokers," Your time is precious, so make it count. Ooni Koda fires out jaw-dropping pizzas in 60 seconds flat. No assembly, no mess, no fuss. Cooking outdoors with gas has never been so simple (or so beautiful). Ready right out of the box, the super compact Ooni Koda is good to go in seconds. Simply flip open the foldable legs, insert the stone baking board, and connect to a gas tank. ; What's Included: Stone baking board, Ooni Koda Manual and Ooni Essentials Guide with tips and recipes and Propane tank gas regulator and hose; Cooks epic 16â pizza with an authentic stone-baked base; Durable, ceramic fiber-insulated, powder-coated steel shell for superior heat retention and weather resistance; Runs on propane gas and is ready to cook in just 20 minutes from lighting; L-shaped gas burner with waterfall effect flame; 0.6? (15mm) cordierite stone baking board; Built-in gas ignition for fast, easy cooking; Gas terminal for attaching the hose and gas source; Folding legs for easy transport and storage; Durable, insulated, powder-coated carbon steel shell",499.99,https://cdn-tp3.mozu.com/24645-37138/cms/37138/files/b325e676-d24c-4c51-97e9-9e8f2e76fcac?quality=60&_mzcb=_1605141010317
8037311,Pit Boss PB200GS 1 burners Liquid Propane Outdoor Griddle Grill Black,grills-and-smokers," Enjoy the convenience and versatility of cooking with a Pit Boss 4.7mm Thick, Pre-Seasoned Tabletop Griddle. Itâs the perfect cooking appliance to use indoors or take along on outdoor camping trips. The Pit Boss Griddle easily cooks everything from scrambled eggs and pancakes to seared steak and fajitas. The non-slip tabletop legs deliver sturdy support, while the pre-seasoned surface and front grease tray offer quick, mess-free cooking and clean up. Youâll love how fun and functional the Pit Boss Griddle is to use. With 289 square inches of cooking surface and 15000-BTU burner, thereâs no better cooking tool to serve up what you want, where you want. Includes the Pit Boss best-in-class 5-year warranty. ; 4.7mm thick pre-seasoned griddle top with 289 sq.in. cooking area; Includes Cover; Four black non-slip legs for standing support; 15000-BTU burner with easy push and turn ignition",119.99,https://cdn-tp3.mozu.com/24645-37138/cms/37138/files/4f4949e3-5cc9-48b1-a3ea-6f3d37586a69?quality=60&_mzcb=_1605141010317
8037310,Pit Boss PB336GS 2 burners Liquid Propane Outdoor Griddle Grill Black,grills-and-smokers," Enjoy the convenience and versatility of cooking with a Pit Boss 4.7mm Thick, Pre-Seasoned Tabletop Griddle. Itâs the perfect cooking appliance to use indoors or take along on outdoor camping trips. The Pit Boss Tabletop Griddle easily cooks everything from scrambled eggs and pancakes to seared steak and fajitas. The non-slip tabletop legs deliver sturdy support, while the pre-seasoned surface and front grease tray offer quick, mess-free cooking and clean up. Youâll love how fun and functional the Pit Boss  Griddle is to use. With 289 square inches of cooking surface and two separately controlled burners, thereâs no better cooking tool to serve up what you want, where you want. Includes the Pit Boss best-in-class 5-year warranty. ; 4.7mm thick pre-seasoned griddle top with 289 sq.in. cooking area; Includes Cover; Four black non-slip legs for standing support; Two separately controlled burners with easy push and turn ignition",129.99,https://cdn-tp3.mozu.com/24645-37138/cms/37138/files/47e6789b-8526-43bb-a2e8-97375111042e?quality=60&_mzcb=_1605141010317
